{
  "IsEncrypted": false,
  "Values": {
    "WEBSITE_SLOT_NAME": "Production",
    "FUNCTIONS_EXTENSION_VERSION": "~4",
    "ScmType": "GitHubAction",
    "WEBSITE_AUTH_ENABLED": "False",
    "APPLICATIONINSIGHTS_CONNECTION_STRING": "InstrumentationKey=addf0ca7-745f-4f51-b91f-8d89f57123de;IngestionEndpoint=https://eastus-8.in.applicationinsights.azure.com/;LiveEndpoint=https://eastus.livediagnostics.monitor.azure.com/",
    "APPINSIGHTS_INSTRUMENTATIONKEY": "addf0ca7-745f-4f51-b91f-8d89f57123de",
    "WEBSITE_CONTENTAZUREFILECONNECTIONSTRING": "DefaultEndpointsProtocol=https;AccountName=ftp9c96;AccountKey=Y9oZOBmGx6flXTz8Z/7pDkg5KD9d8OKHkteifTSVuHXGti9lENAX9MyPV1swXgcd/uKE5bEmCXRk+AStXxfJiw==;EndpointSuffix=core.windows.net",
    "WEBSITE_CONTENTSHARE": "fileuploadappgrega693",
    "FUNCTIONS_WORKER_RUNTIME": "powershell",
    "WEBSITE_SITE_NAME": "fileuploadappgreg",
    "AzureWebJobsStorage": "DefaultEndpointsProtocol=https;AccountName=ftp9c96;AccountKey=Y9oZOBmGx6flXTz8Z/7pDkg5KD9d8OKHkteifTSVuHXGti9lENAX9MyPV1swXgcd/uKE5bEmCXRk+AStXxfJiw==;EndpointSuffix=core.windows.net"
  }
}